{
  "data": {
    "__schema": {
      "directives": [
        {
          "args": [
            {
              "defaultValue": null,
              "description": "Included when true.",
              "name": "if",
              "type": {
                "kind": "NON_NULL",
                "name": null,
                "ofType": {
                  "kind": "SCALAR",
                  "name": "Boolean",
                  "ofType": null
                }
              }
            }
          ],
          "description": "Directs the executor to include this field or fragment only when the `if` argument is true.",
          "locations": [
            "FIELD",
            "FRAGMENT_SPREAD",
            "INLINE_FRAGMENT"
          ],
          "name": "include"
        },
        {
          "args": [
            {
              "defaultValue": null,
              "description": "Skipped when true.",
              "name": "if",
              "type": {
                "kind": "NON_NULL",
                "name": null,
                "ofType": {
                  "kind": "SCALAR",
                  "name": "Boolean",
                  "ofType": null
                }
              }
            }
          ],
          "description": "Directs the executor to skip this field or fragment when the `if` argument is true.",
          "locations": [
            "FIELD",
            "FRAGMENT_SPREAD",
            "INLINE_FRAGMENT"
          ],
          "name": "skip"
        },
        {
          "args": [
            {
              "defaultValue": "\"No longer supported\"",
              "description": "Explains why this element was deprecated, usually also including a suggestion for how to access supported similar data. Formatted using the Markdown syntax, as specified by [CommonMark](https://commonmark.org/).",
              "name": "reason",
              "type": {
                "kind": "SCALAR",
                "name": "String",
                "ofType": null
              }
            }
          ],
          "description": "Marks an element of a GraphQL schema as no longer supported.",
          "locations": [
            "FIELD_DEFINITION",
            "ARGUMENT_DEFINITION",
            "INPUT_FIELD_DEFINITION",
            "ENUM_VALUE"
          ],
          "name": "deprecated"
        },
        {
          "args": [
            {
              "defaultValue": null,
              "description": "The URL that specifies the behaviour of this scalar.",
              "name": "url",
              "type": {
                "kind": "NON_NULL",
                "name": null,
                "ofType": {
                  "kind": "SCALAR",
                  "name": "String",
                  "ofType": null
                }
              }
            }
          ],
          "description": "Exposes a URL that specifies the behaviour of this scalar.",
          "locations": [
            "SCALAR"
          ],
          "name": "specifiedBy"
        }
      ],
      "mutationType": null,
      "queryType": {
        "name": "Query"
      },
      "subscriptionType": null,
      "types": [
        {
          "description": null,
          "enumValues": null,
          "fields": [
            {
              "args": [],
              "deprecationReason": null,
              "description": null,
              "isDeprecated": false,
              "name": "slug",
              "type": {
                "kind": "NON_NULL",
                "name": null,
                "ofType": {
                  "kind": "SCALAR",
                  "name": "String",
                  "ofType": null
                }
              }
            },
            {
              "args": [],
              "deprecationReason": null,
              "description": null,
              "isDeprecated": false,
              "name": "created",
              "type": {
                "kind": "NON_NULL",
                "name": null,
                "ofType": {
                  "kind": "SCALAR",
                  "name": "DateTime",
                  "ofType": null
                }
              }
            },
            {
              "args": [],
              "deprecationReason": null,
              "description": null,
              "isDeprecated": false,
              "name": "updated",
              "type": {
                "kind": "SCALAR",
                "name": "DateTime",
                "ofType": null
              }
            },
            {
              "args": [],
              "deprecationReason": null,
              "description": null,
              "isDeprecated": false,
              "name": "uuid",
              "type": {
                "kind": "NON_NULL",
                "name": null,
                "ofType": {
                  "kind": "SCALAR",
                  "name": "UUID",
                  "ofType": null
                }
              }
            },
            {
              "args": [],
              "deprecationReason": null,
              "description": null,
              "isDeprecated": false,
              "name": "name",
              "type": {
                "kind": "NON_NULL",
                "name": null,
                "ofType": {
                  "kind": "SCALAR",
                  "name": "String",
                  "ofType": null
                }
              }
            },
            {
              "args": [],
              "deprecationReason": null,
              "description": null,
              "isDeprecated": false,
              "name": "hidden",
              "type": {
                "kind": "NON_NULL",
                "name": null,
                "ofType": {
                  "kind": "SCALAR",
                  "name": "Boolean",
                  "ofType": null
                }
              }
            },
            {
              "args": [],
              "deprecationReason": null,
              "description": null,
              "isDeprecated": false,
              "name": "accrualMethod",
              "type": {
                "kind": "NON_NULL",
                "name": null,
                "ofType": {
                  "kind": "SCALAR",
                  "name": "Boolean",
                  "ofType": null
                }
              }
            },
            {
              "args": [],
              "deprecationReason": null,
              "description": null,
              "isDeprecated": false,
              "name": "fyStartMonth",
              "type": {
                "kind": "NON_NULL",
                "name": null,
                "ofType": {
                  "kind": "ENUM",
                  "name": "DjangoLedgerEntityModelFyStartMonthChoices",
                  "ofType": null
                }
              }
            },
            {
              "args": [],
              "deprecationReason": null,
              "description": null,
              "isDeprecated": false,
              "name": "picture",
              "type": {
                "kind": "SCALAR",
                "name": "String",
                "ofType": null
              }
            },
            {
              "args": [],
              "deprecationReason": null,
              "description": "The ID of the object",
              "isDeprecated": false,
              "name": "id",
              "type": {
                "kind": "NON_NULL",
                "name": null,
                "ofType": {
                  "kind": "SCALAR",
                  "name": "ID",
                  "ofType": null
                }
              }
            },
            {
              "args": [],
              "deprecationReason": null,
              "description": null,
              "isDeprecated": false,
              "name": "isAdmin",
              "type": {
                "kind": "SCALAR",
                "name": "Boolean",
                "ofType": null
              }
            }
          ],
          "inputFields": null,
          "interfaces": [
            {
              "kind": "INTERFACE",
              "name": "Node",
              "ofType": null
            }
          ],
          "kind": "OBJECT",
          "name": "EntityModelType",
          "possibleTypes": null
        },
        {
          "description": "An object with an ID",
          "enumValues": null,
          "fields": [
            {
              "args": [],
              "deprecationReason": null,
              "description": "The ID of the object",
              "isDeprecated": false,
              "name": "id",
              "type": {
                "kind": "NON_NULL",
                "name": null,
                "ofType": {
                  "kind": "SCALAR",
                  "name": "ID",
                  "ofType": null
                }
              }
            }
          ],
          "inputFields": null,
          "interfaces": [],
          "kind": "INTERFACE",
          "name": "Node",
          "possibleTypes": [
            {
              "kind": "OBJECT",
              "name": "EntityModelType",
              "ofType": null
            },
            {
              "kind": "OBJECT",
              "name": "ChartOfAccountsModelType",
              "ofType": null
            }
          ]
        },
        {
          "description": "The `ID` scalar type represents a unique identifier, often used to refetch an object or as key for a cache. The ID type appears in a JSON response as a String; however, it is not intended to be human-readable. When expected as an input type, any string (such as `\"4\"`) or integer (such as `4`) input value will be accepted as an ID.",
          "enumValues": null,
          "fields": null,
          "inputFields": null,
          "interfaces": null,
          "kind": "SCALAR",
          "name": "ID",
          "possibleTypes": null
        },
        {
          "description": "The `String` scalar type represents textual data, represented as UTF-8 character sequences. The String type is most often used by GraphQL to represent free-form human-readable text.",
          "enumValues": null,
          "fields": null,
          "inputFields": null,
          "interfaces": null,
          "kind": "SCALAR",
          "name": "String",
          "possibleTypes": null
        },
        {
          "description": "The `DateTime` scalar type represents a DateTime\nvalue as specified by\n[iso8601](https://en.wikipedia.org/wiki/ISO_8601).",
          "enumValues": null,
          "fields": null,
          "inputFields": null,
          "interfaces": null,
          "kind": "SCALAR",
          "name": "DateTime",
          "possibleTypes": null
        },
        {
          "description": "Leverages the internal Python implementation of UUID (uuid.UUID) to provide native UUID objects\nin fields, resolvers and input.",
          "enumValues": null,
          "fields": null,
          "inputFields": null,
          "interfaces": null,
          "kind": "SCALAR",
          "name": "UUID",
          "possibleTypes": null
        },
        {
          "description": "The `Boolean` scalar type represents `true` or `false`.",
          "enumValues": null,
          "fields": null,
          "inputFields": null,
          "interfaces": null,
          "kind": "SCALAR",
          "name": "Boolean",
          "possibleTypes": null
        },
        {
          "description": null,
          "enumValues": [
            {
              "deprecationReason": null,
              "description": "January",
              "isDeprecated": false,
              "name": "A_1"
            },
            {
              "deprecationReason": null,
              "description": "February",
              "isDeprecated": false,
              "name": "A_2"
            },
            {
              "deprecationReason": null,
              "description": "March",
              "isDeprecated": false,
              "name": "A_3"
            },
            {
              "deprecationReason": null,
              "description": "April",
              "isDeprecated": false,
              "name": "A_4"
            },
            {
              "deprecationReason": null,
              "description": "May",
              "isDeprecated": false,
              "name": "A_5"
            },
            {
              "deprecationReason": null,
              "description": "June",
              "isDeprecated": false,
              "name": "A_6"
            },
            {
              "deprecationReason": null,
              "description": "July",
              "isDeprecated": false,
              "name": "A_7"
            },
            {
              "deprecationReason": null,
              "description": "August",
              "isDeprecated": false,
              "name": "A_8"
            },
            {
              "deprecationReason": null,
              "description": "September",
              "isDeprecated": false,
              "name": "A_9"
            },
            {
              "deprecationReason": null,
              "description": "October",
              "isDeprecated": false,
              "name": "A_10"
            },
            {
              "deprecationReason": null,
              "description": "November",
              "isDeprecated": false,
              "name": "A_11"
            },
            {
              "deprecationReason": null,
              "description": "December",
              "isDeprecated": false,
              "name": "A_12"
            }
          ],
          "fields": null,
          "inputFields": null,
          "interfaces": null,
          "kind": "ENUM",
          "name": "DjangoLedgerEntityModelFyStartMonthChoices",
          "possibleTypes": null
        },
        {
          "description": null,
          "enumValues": null,
          "fields": [
            {
              "args": [],
              "deprecationReason": null,
              "description": null,
              "isDeprecated": false,
              "name": "slug",
              "type": {
                "kind": "NON_NULL",
                "name": null,
                "ofType": {
                  "kind": "SCALAR",
                  "name": "String",
                  "ofType": null
                }
              }
            },
            {
              "args": [],
              "deprecationReason": null,
              "description": null,
              "isDeprecated": false,
              "name": "name",
              "type": {
                "kind": "SCALAR",
                "name": "String",
                "ofType": null
              }
            },
            {
              "args": [],
              "deprecationReason": null,
              "description": null,
              "isDeprecated": false,
              "name": "uuid",
              "type": {
                "kind": "NON_NULL",
                "name": null,
                "ofType": {
                  "kind": "SCALAR",
                  "name": "UUID",
                  "ofType": null
                }
              }
            },
            {
              "args": [],
              "deprecationReason": null,
              "description": null,
              "isDeprecated": false,
              "name": "locked",
              "type": {
                "kind": "NON_NULL",
                "name": null,
                "ofType": {
                  "kind": "SCALAR",
                  "name": "Boolean",
                  "ofType": null
                }
              }
            },
            {
              "args": [],
              "deprecationReason": null,
              "description": "The ID of the object",
              "isDeprecated": false,
              "name": "id",
              "type": {
                "kind": "NON_NULL",
                "name": null,
                "ofType": {
                  "kind": "SCALAR",
                  "name": "ID",
                  "ofType": null
                }
              }
            }
          ],
          "inputFields": null,
          "interfaces": [
            {
              "kind": "INTERFACE",
              "name": "Node",
              "ofType": null
            }
          ],
          "kind": "OBJECT",
          "name": "ChartOfAccountsModelType",
          "possibleTypes": null
        },
        {
          "description": null,
          "enumValues": null,
          "fields": [
            {
              "args": [],
              "deprecationReason": null,
              "description": null,
              "isDeprecated": false,
              "name": "entityModelListAll",
              "type": {
                "kind": "LIST",
                "name": null,
                "ofType": {
                  "kind": "OBJECT",
                  "name": "EntityModelType",
                  "ofType": null
                }
              }
            },
            {
              "args": [],
              "deprecationReason": null,
              "description": null,
              "isDeprecated": false,
              "name": "entityModelListVisible",
              "type": {
                "kind": "LIST",
                "name": null,
                "ofType": {
                  "kind": "OBJECT",
                  "name": "EntityModelType",
                  "ofType": null
                }
              }
            },
            {
              "args": [],
              "deprecationReason": null,
              "description": null,
              "isDeprecated": false,
              "name": "entityModelListHidden",
              "type": {
                "kind": "LIST",
                "name": null,
                "ofType": {
                  "kind": "OBJECT",
                  "name": "EntityModelType",
                  "ofType": null
                }
              }
            },
            {
              "args": [],
              "deprecationReason": null,
              "description": null,
              "isDeprecated": false,
              "name": "entityModelListManaged",
              "type": {
                "kind": "LIST",
                "name": null,
                "ofType": {
                  "kind": "OBJECT",
                  "name": "EntityModelType",
                  "ofType": null
                }
              }
            },
            {
              "args": [],
              "deprecationReason": null,
              "description": null,
              "isDeprecated": false,
              "name": "entityModelListIsAdmin",
              "type": {
                "kind": "LIST",
                "name": null,
                "ofType": {
                  "kind": "OBJECT",
                  "name": "EntityModelType",
                  "ofType": null
                }
              }
            },
            {
              "args": [
                {
                  "defaultValue": null,
                  "description": null,
                  "name": "uuid",
                  "type": {
                    "kind": "NON_NULL",
                    "name": null,
                    "ofType": {
                      "kind": "SCALAR",
                      "name": "String",
                      "ofType": null
                    }
                  }
                }
              ],
              "deprecationReason": null,
              "description": null,
              "isDeprecated": false,
              "name": "entityModelDetailByUuid",
              "type": {
                "kind": "OBJECT",
                "name": "EntityModelTypeDetail",
                "ofType": null
              }
            },
            {
              "args": [
                {
                  "defaultValue": null,
                  "description": null,
                  "name": "slug",
                  "type": {
                    "kind": "NON_NULL",
                    "name": null,
                    "ofType": {
                      "kind": "SCALAR",
                      "name": "String",
                      "ofType": null
                    }
                  }
                }
              ],
              "deprecationReason": null,
              "description": null,
              "isDeprecated": false,
              "name": "entityModelDetailBySlug",
              "type": {
                "kind": "OBJECT",
                "name": "EntityModelTypeDetail",
                "ofType": null
              }
            }
          ],
          "inputFields": null,
          "interfaces": [],
          "kind": "OBJECT",
          "name": "Query",
          "possibleTypes": null
        },
        {
          "description": null,
          "enumValues": null,
          "fields": [
            {
              "args": [],
              "deprecationReason": null,
              "description": null,
              "isDeprecated": false,
              "name": "slug",
              "type": {
                "kind": "NON_NULL",
                "name": null,
                "ofType": {
                  "kind": "SCALAR",
                  "name": "String",
                  "ofType": null
                }
              }
            },
            {
              "args": [],
              "deprecationReason": null,
              "description": null,
              "isDeprecated": false,
              "name": "created",
              "type": {
                "kind": "NON_NULL",
                "name": null,
                "ofType": {
                  "kind": "SCALAR",
                  "name": "DateTime",
                  "ofType": null
                }
              }
            },
            {
              "args": [],
              "deprecationReason": null,
              "description": null,
              "isDeprecated": false,
              "name": "updated",
              "type": {
                "kind": "SCALAR",
                "name": "DateTime",
                "ofType": null
              }
            },
            {
              "args": [],
              "deprecationReason": null,
              "description": null,
              "isDeprecated": false,
              "name": "uuid",
              "type": {
                "kind": "NON_NULL",
                "name": null,
                "ofType": {
                  "kind": "SCALAR",
                  "name": "UUID",
                  "ofType": null
                }
              }
            },
            {
              "args": [],
              "deprecationReason": null,
              "description": null,
              "isDeprecated": false,
              "name": "name",
              "type": {
                "kind": "NON_NULL",
                "name": null,
                "ofType": {
                  "kind": "SCALAR",
                  "name": "String",
                  "ofType": null
                }
              }
            },
            {
              "args": [],
              "deprecationReason": null,
              "description": null,
              "isDeprecated": false,
              "name": "hidden",
              "type": {
                "kind": "NON_NULL",
                "name": null,
                "ofType": {
                  "kind": "SCALAR",
                  "name": "Boolean",
                  "ofType": null
                }
              }
            },
            {
              "args": [],
              "deprecationReason": null,
              "description": null,
              "isDeprecated": false,
              "name": "accrualMethod",
              "type": {
                "kind": "NON_NULL",
                "name": null,
                "ofType": {
                  "kind": "SCALAR",
                  "name": "Boolean",
                  "ofType": null
                }
              }
            },
            {
              "args": [],
              "deprecationReason": null,
              "description": null,
              "isDeprecated": false,
              "name": "fyStartMonth",
              "type": {
                "kind": "NON_NULL",
                "name": null,
                "ofType": {
                  "kind": "ENUM",
                  "name": "DjangoLedgerEntityModelFyStartMonthChoices",
                  "ofType": null
                }
              }
            },
            {
              "args": [],
              "deprecationReason": null,
              "description": null,
              "isDeprecated": false,
              "name": "picture",
              "type": {
                "kind": "SCALAR",
                "name": "String",
                "ofType": null
              }
            },
            {
              "args": [],
              "deprecationReason": null,
              "description": null,
              "isDeprecated": false,
              "name": "defaultCoa",
              "type": {
                "kind": "OBJECT",
                "name": "ChartOfAccountsModelType",
                "ofType": null
              }
            },
            {
              "args": [],
              "deprecationReason": null,
              "description": null,
              "isDeprecated": false,
              "name": "isAdmin",
              "type": {
                "kind": "SCALAR",
                "name": "Boolean",
                "ofType": null
              }
            }
          ],
          "inputFields": null,
          "interfaces": [],
          "kind": "OBJECT",
          "name": "EntityModelTypeDetail",
          "possibleTypes": null
        },
        {
          "description": "A GraphQL Schema defines the capabilities of a GraphQL server. It exposes all available types and directives on the server, as well as the entry points for query, mutation, and subscription operations.",
          "enumValues": null,
          "fields": [
            {
              "args": [],
              "deprecationReason": null,
              "description": null,
              "isDeprecated": false,
              "name": "description",
              "type": {
                "kind": "SCALAR",
                "name": "String",
                "ofType": null
              }
            },
            {
              "args": [],
              "deprecationReason": null,
              "description": "A list of all types supported by this server.",
              "isDeprecated": false,
              "name": "types",
              "type": {
                "kind": "NON_NULL",
                "name": null,
                "ofType": {
                  "kind": "LIST",
                  "name": null,
                  "ofType": {
                    "kind": "NON_NULL",
                    "name": null,
                    "ofType": {
                      "kind": "OBJECT",
                      "name": "__Type",
                      "ofType": null
                    }
                  }
                }
              }
            },
            {
              "args": [],
              "deprecationReason": null,
              "description": "The type that query operations will be rooted at.",
              "isDeprecated": false,
              "name": "queryType",
              "type": {
                "kind": "NON_NULL",
                "name": null,
                "ofType": {
                  "kind": "OBJECT",
                  "name": "__Type",
                  "ofType": null
                }
              }
            },
            {
              "args": [],
              "deprecationReason": null,
              "description": "If this server supports mutation, the type that mutation operations will be rooted at.",
              "isDeprecated": false,
              "name": "mutationType",
              "type": {
                "kind": "OBJECT",
                "name": "__Type",
                "ofType": null
              }
            },
            {
              "args": [],
              "deprecationReason": null,
              "description": "If this server support subscription, the type that subscription operations will be rooted at.",
              "isDeprecated": false,
              "name": "subscriptionType",
              "type": {
                "kind": "OBJECT",
                "name": "__Type",
                "ofType": null
              }
            },
            {
              "args": [],
              "deprecationReason": null,
              "description": "A list of all directives supported by this server.",
              "isDeprecated": false,
              "name": "directives",
              "type": {
                "kind": "NON_NULL",
                "name": null,
                "ofType": {
                  "kind": "LIST",
                  "name": null,
                  "ofType": {
                    "kind": "NON_NULL",
                    "name": null,
                    "ofType": {
                      "kind": "OBJECT",
                      "name": "__Directive",
                      "ofType": null
                    }
                  }
                }
              }
            }
          ],
          "inputFields": null,
          "interfaces": [],
          "kind": "OBJECT",
          "name": "__Schema",
          "possibleTypes": null
        },
        {
          "description": "The fundamental unit of any GraphQL Schema is the type. There are many kinds of types in GraphQL as represented by the `__TypeKind` enum.\n\nDepending on the kind of a type, certain fields describe information about that type. Scalar types provide no information beyond a name, description and optional `specifiedByURL`, while Enum types provide their values. Object and Interface types provide the fields they describe. Abstract types, Union and Interface, provide the Object types possible at runtime. List and NonNull types compose other types.",
          "enumValues": null,
          "fields": [
            {
              "args": [],
              "deprecationReason": null,
              "description": null,
              "isDeprecated": false,
              "name": "kind",
              "type": {
                "kind": "NON_NULL",
                "name": null,
                "ofType": {
                  "kind": "ENUM",
                  "name": "__TypeKind",
                  "ofType": null
                }
              }
            },
            {
              "args": [],
              "deprecationReason": null,
              "description": null,
              "isDeprecated": false,
              "name": "name",
              "type": {
                "kind": "SCALAR",
                "name": "String",
                "ofType": null
              }
            },
            {
              "args": [],
              "deprecationReason": null,
              "description": null,
              "isDeprecated": false,
              "name": "description",
              "type": {
                "kind": "SCALAR",
                "name": "String",
                "ofType": null
              }
            },
            {
              "args": [],
              "deprecationReason": null,
              "description": null,
              "isDeprecated": false,
              "name": "specifiedByURL",
              "type": {
                "kind": "SCALAR",
                "name": "String",
                "ofType": null
              }
            },
            {
              "args": [
                {
                  "defaultValue": "false",
                  "description": null,
                  "name": "includeDeprecated",
                  "type": {
                    "kind": "SCALAR",
                    "name": "Boolean",
                    "ofType": null
                  }
                }
              ],
              "deprecationReason": null,
              "description": null,
              "isDeprecated": false,
              "name": "fields",
              "type": {
                "kind": "LIST",
                "name": null,
                "ofType": {
                  "kind": "NON_NULL",
                  "name": null,
                  "ofType": {
                    "kind": "OBJECT",
                    "name": "__Field",
                    "ofType": null
                  }
                }
              }
            },
            {
              "args": [],
              "deprecationReason": null,
              "description": null,
              "isDeprecated": false,
              "name": "interfaces",
              "type": {
                "kind": "LIST",
                "name": null,
                "ofType": {
                  "kind": "NON_NULL",
                  "name": null,
                  "ofType": {
                    "kind": "OBJECT",
                    "name": "__Type",
                    "ofType": null
                  }
                }
              }
            },
            {
              "args": [],
              "deprecationReason": null,
              "description": null,
              "isDeprecated": false,
              "name": "possibleTypes",
              "type": {
                "kind": "LIST",
                "name": null,
                "ofType": {
                  "kind": "NON_NULL",
                  "name": null,
                  "ofType": {
                    "kind": "OBJECT",
                    "name": "__Type",
                    "ofType": null
                  }
                }
              }
            },
            {
              "args": [
                {
                  "defaultValue": "false",
                  "description": null,
                  "name": "includeDeprecated",
                  "type": {
                    "kind": "SCALAR",
                    "name": "Boolean",
                    "ofType": null
                  }
                }
              ],
              "deprecationReason": null,
              "description": null,
              "isDeprecated": false,
              "name": "enumValues",
              "type": {
                "kind": "LIST",
                "name": null,
                "ofType": {
                  "kind": "NON_NULL",
                  "name": null,
                  "ofType": {
                    "kind": "OBJECT",
                    "name": "__EnumValue",
                    "ofType": null
                  }
                }
              }
            },
            {
              "args": [
                {
                  "defaultValue": "false",
                  "description": null,
                  "name": "includeDeprecated",
                  "type": {
                    "kind": "SCALAR",
                    "name": "Boolean",
                    "ofType": null
                  }
                }
              ],
              "deprecationReason": null,
              "description": null,
              "isDeprecated": false,
              "name": "inputFields",
              "type": {
                "kind": "LIST",
                "name": null,
                "ofType": {
                  "kind": "NON_NULL",
                  "name": null,
                  "ofType": {
                    "kind": "OBJECT",
                    "name": "__InputValue",
                    "ofType": null
                  }
                }
              }
            },
            {
              "args": [],
              "deprecationReason": null,
              "description": null,
              "isDeprecated": false,
              "name": "ofType",
              "type": {
                "kind": "OBJECT",
                "name": "__Type",
                "ofType": null
              }
            }
          ],
          "inputFields": null,
          "interfaces": [],
          "kind": "OBJECT",
          "name": "__Type",
          "possibleTypes": null
        },
        {
          "description": "An enum describing what kind of type a given `__Type` is.",
          "enumValues": [
            {
              "deprecationReason": null,
              "description": "Indicates this type is a scalar.",
              "isDeprecated": false,
              "name": "SCALAR"
            },
            {
              "deprecationReason": null,
              "description": "Indicates this type is an object. `fields` and `interfaces` are valid fields.",
              "isDeprecated": false,
              "name": "OBJECT"
            },
            {
              "deprecationReason": null,
              "description": "Indicates this type is an interface. `fields`, `interfaces`, and `possibleTypes` are valid fields.",
              "isDeprecated": false,
              "name": "INTERFACE"
            },
            {
              "deprecationReason": null,
              "description": "Indicates this type is a union. `possibleTypes` is a valid field.",
              "isDeprecated": false,
              "name": "UNION"
            },
            {
              "deprecationReason": null,
              "description": "Indicates this type is an enum. `enumValues` is a valid field.",
              "isDeprecated": false,
              "name": "ENUM"
            },
            {
              "deprecationReason": null,
              "description": "Indicates this type is an input object. `inputFields` is a valid field.",
              "isDeprecated": false,
              "name": "INPUT_OBJECT"
            },
            {
              "deprecationReason": null,
              "description": "Indicates this type is a list. `ofType` is a valid field.",
              "isDeprecated": false,
              "name": "LIST"
            },
            {
              "deprecationReason": null,
              "description": "Indicates this type is a non-null. `ofType` is a valid field.",
              "isDeprecated": false,
              "name": "NON_NULL"
            }
          ],
          "fields": null,
          "inputFields": null,
          "interfaces": null,
          "kind": "ENUM",
          "name": "__TypeKind",
          "possibleTypes": null
        },
        {
          "description": "Object and Interface types are described by a list of Fields, each of which has a name, potentially a list of arguments, and a return type.",
          "enumValues": null,
          "fields": [
            {
              "args": [],
              "deprecationReason": null,
              "description": null,
              "isDeprecated": false,
              "name": "name",
              "type": {
                "kind": "NON_NULL",
                "name": null,
                "ofType": {
                  "kind": "SCALAR",
                  "name": "String",
                  "ofType": null
                }
              }
            },
            {
              "args": [],
              "deprecationReason": null,
              "description": null,
              "isDeprecated": false,
              "name": "description",
              "type": {
                "kind": "SCALAR",
                "name": "String",
                "ofType": null
              }
            },
            {
              "args": [
                {
                  "defaultValue": "false",
                  "description": null,
                  "name": "includeDeprecated",
                  "type": {
                    "kind": "SCALAR",
                    "name": "Boolean",
                    "ofType": null
                  }
                }
              ],
              "deprecationReason": null,
              "description": null,
              "isDeprecated": false,
              "name": "args",
              "type": {
                "kind": "NON_NULL",
                "name": null,
                "ofType": {
                  "kind": "LIST",
                  "name": null,
                  "ofType": {
                    "kind": "NON_NULL",
                    "name": null,
                    "ofType": {
                      "kind": "OBJECT",
                      "name": "__InputValue",
                      "ofType": null
                    }
                  }
                }
              }
            },
            {
              "args": [],
              "deprecationReason": null,
              "description": null,
              "isDeprecated": false,
              "name": "type",
              "type": {
                "kind": "NON_NULL",
                "name": null,
                "ofType": {
                  "kind": "OBJECT",
                  "name": "__Type",
                  "ofType": null
                }
              }
            },
            {
              "args": [],
              "deprecationReason": null,
              "description": null,
              "isDeprecated": false,
              "name": "isDeprecated",
              "type": {
                "kind": "NON_NULL",
                "name": null,
                "ofType": {
                  "kind": "SCALAR",
                  "name": "Boolean",
                  "ofType": null
                }
              }
            },
            {
              "args": [],
              "deprecationReason": null,
              "description": null,
              "isDeprecated": false,
              "name": "deprecationReason",
              "type": {
                "kind": "SCALAR",
                "name": "String",
                "ofType": null
              }
            }
          ],
          "inputFields": null,
          "interfaces": [],
          "kind": "OBJECT",
          "name": "__Field",
          "possibleTypes": null
        },
        {
          "description": "Arguments provided to Fields or Directives and the input fields of an InputObject are represented as Input Values which describe their type and optionally a default value.",
          "enumValues": null,
          "fields": [
            {
              "args": [],
              "deprecationReason": null,
              "description": null,
              "isDeprecated": false,
              "name": "name",
              "type": {
                "kind": "NON_NULL",
                "name": null,
                "ofType": {
                  "kind": "SCALAR",
                  "name": "String",
                  "ofType": null
                }
              }
            },
            {
              "args": [],
              "deprecationReason": null,
              "description": null,
              "isDeprecated": false,
              "name": "description",
              "type": {
                "kind": "SCALAR",
                "name": "String",
                "ofType": null
              }
            },
            {
              "args": [],
              "deprecationReason": null,
              "description": null,
              "isDeprecated": false,
              "name": "type",
              "type": {
                "kind": "NON_NULL",
                "name": null,
                "ofType": {
                  "kind": "OBJECT",
                  "name": "__Type",
                  "ofType": null
                }
              }
            },
            {
              "args": [],
              "deprecationReason": null,
              "description": "A GraphQL-formatted string representing the default value for this input value.",
              "isDeprecated": false,
              "name": "defaultValue",
              "type": {
                "kind": "SCALAR",
                "name": "String",
                "ofType": null
              }
            },
            {
              "args": [],
              "deprecationReason": null,
              "description": null,
              "isDeprecated": false,
              "name": "isDeprecated",
              "type": {
                "kind": "NON_NULL",
                "name": null,
                "ofType": {
                  "kind": "SCALAR",
                  "name": "Boolean",
                  "ofType": null
                }
              }
            },
            {
              "args": [],
              "deprecationReason": null,
              "description": null,
              "isDeprecated": false,
              "name": "deprecationReason",
              "type": {
                "kind": "SCALAR",
                "name": "String",
                "ofType": null
              }
            }
          ],
          "inputFields": null,
          "interfaces": [],
          "kind": "OBJECT",
          "name": "__InputValue",
          "possibleTypes": null
        },
        {
          "description": "One possible value for a given Enum. Enum values are unique values, not a placeholder for a string or numeric value. However an Enum value is returned in a JSON response as a string.",
          "enumValues": null,
          "fields": [
            {
              "args": [],
              "deprecationReason": null,
              "description": null,
              "isDeprecated": false,
              "name": "name",
              "type": {
                "kind": "NON_NULL",
                "name": null,
                "ofType": {
                  "kind": "SCALAR",
                  "name": "String",
                  "ofType": null
                }
              }
            },
            {
              "args": [],
              "deprecationReason": null,
              "description": null,
              "isDeprecated": false,
              "name": "description",
              "type": {
                "kind": "SCALAR",
                "name": "String",
                "ofType": null
              }
            },
            {
              "args": [],
              "deprecationReason": null,
              "description": null,
              "isDeprecated": false,
              "name": "isDeprecated",
              "type": {
                "kind": "NON_NULL",
                "name": null,
                "ofType": {
                  "kind": "SCALAR",
                  "name": "Boolean",
                  "ofType": null
                }
              }
            },
            {
              "args": [],
              "deprecationReason": null,
              "description": null,
              "isDeprecated": false,
              "name": "deprecationReason",
              "type": {
                "kind": "SCALAR",
                "name": "String",
                "ofType": null
              }
            }
          ],
          "inputFields": null,
          "interfaces": [],
          "kind": "OBJECT",
          "name": "__EnumValue",
          "possibleTypes": null
        },
        {
          "description": "A Directive provides a way to describe alternate runtime execution and type validation behavior in a GraphQL document.\n\nIn some cases, you need to provide options to alter GraphQL's execution behavior in ways field arguments will not suffice, such as conditionally including or skipping a field. Directives provide this by describing additional information to the executor.",
          "enumValues": null,
          "fields": [
            {
              "args": [],
              "deprecationReason": null,
              "description": null,
              "isDeprecated": false,
              "name": "name",
              "type": {
                "kind": "NON_NULL",
                "name": null,
                "ofType": {
                  "kind": "SCALAR",
                  "name": "String",
                  "ofType": null
                }
              }
            },
            {
              "args": [],
              "deprecationReason": null,
              "description": null,
              "isDeprecated": false,
              "name": "description",
              "type": {
                "kind": "SCALAR",
                "name": "String",
                "ofType": null
              }
            },
            {
              "args": [],
              "deprecationReason": null,
              "description": null,
              "isDeprecated": false,
              "name": "isRepeatable",
              "type": {
                "kind": "NON_NULL",
                "name": null,
                "ofType": {
                  "kind": "SCALAR",
                  "name": "Boolean",
                  "ofType": null
                }
              }
            },
            {
              "args": [],
              "deprecationReason": null,
              "description": null,
              "isDeprecated": false,
              "name": "locations",
              "type": {
                "kind": "NON_NULL",
                "name": null,
                "ofType": {
                  "kind": "LIST",
                  "name": null,
                  "ofType": {
                    "kind": "NON_NULL",
                    "name": null,
                    "ofType": {
                      "kind": "ENUM",
                      "name": "__DirectiveLocation",
                      "ofType": null
                    }
                  }
                }
              }
            },
            {
              "args": [
                {
                  "defaultValue": "false",
                  "description": null,
                  "name": "includeDeprecated",
                  "type": {
                    "kind": "SCALAR",
                    "name": "Boolean",
                    "ofType": null
                  }
                }
              ],
              "deprecationReason": null,
              "description": null,
              "isDeprecated": false,
              "name": "args",
              "type": {
                "kind": "NON_NULL",
                "name": null,
                "ofType": {
                  "kind": "LIST",
                  "name": null,
                  "ofType": {
                    "kind": "NON_NULL",
                    "name": null,
                    "ofType": {
                      "kind": "OBJECT",
                      "name": "__InputValue",
                      "ofType": null
                    }
                  }
                }
              }
            }
          ],
          "inputFields": null,
          "interfaces": [],
          "kind": "OBJECT",
          "name": "__Directive",
          "possibleTypes": null
        },
        {
          "description": "A Directive can be adjacent to many parts of the GraphQL language, a __DirectiveLocation describes one such possible adjacencies.",
          "enumValues": [
            {
              "deprecationReason": null,
              "description": "Location adjacent to a query operation.",
              "isDeprecated": false,
              "name": "QUERY"
            },
            {
              "deprecationReason": null,
              "description": "Location adjacent to a mutation operation.",
              "isDeprecated": false,
              "name": "MUTATION"
            },
            {
              "deprecationReason": null,
              "description": "Location adjacent to a subscription operation.",
              "isDeprecated": false,
              "name": "SUBSCRIPTION"
            },
            {
              "deprecationReason": null,
              "description": "Location adjacent to a field.",
              "isDeprecated": false,
              "name": "FIELD"
            },
            {
              "deprecationReason": null,
              "description": "Location adjacent to a fragment definition.",
              "isDeprecated": false,
              "name": "FRAGMENT_DEFINITION"
            },
            {
              "deprecationReason": null,
              "description": "Location adjacent to a fragment spread.",
              "isDeprecated": false,
              "name": "FRAGMENT_SPREAD"
            },
            {
              "deprecationReason": null,
              "description": "Location adjacent to an inline fragment.",
              "isDeprecated": false,
              "name": "INLINE_FRAGMENT"
            },
            {
              "deprecationReason": null,
              "description": "Location adjacent to a variable definition.",
              "isDeprecated": false,
              "name": "VARIABLE_DEFINITION"
            },
            {
              "deprecationReason": null,
              "description": "Location adjacent to a schema definition.",
              "isDeprecated": false,
              "name": "SCHEMA"
            },
            {
              "deprecationReason": null,
              "description": "Location adjacent to a scalar definition.",
              "isDeprecated": false,
              "name": "SCALAR"
            },
            {
              "deprecationReason": null,
              "description": "Location adjacent to an object type definition.",
              "isDeprecated": false,
              "name": "OBJECT"
            },
            {
              "deprecationReason": null,
              "description": "Location adjacent to a field definition.",
              "isDeprecated": false,
              "name": "FIELD_DEFINITION"
            },
            {
              "deprecationReason": null,
              "description": "Location adjacent to an argument definition.",
              "isDeprecated": false,
              "name": "ARGUMENT_DEFINITION"
            },
            {
              "deprecationReason": null,
              "description": "Location adjacent to an interface definition.",
              "isDeprecated": false,
              "name": "INTERFACE"
            },
            {
              "deprecationReason": null,
              "description": "Location adjacent to a union definition.",
              "isDeprecated": false,
              "name": "UNION"
            },
            {
              "deprecationReason": null,
              "description": "Location adjacent to an enum definition.",
              "isDeprecated": false,
              "name": "ENUM"
            },
            {
              "deprecationReason": null,
              "description": "Location adjacent to an enum value definition.",
              "isDeprecated": false,
              "name": "ENUM_VALUE"
            },
            {
              "deprecationReason": null,
              "description": "Location adjacent to an input object type definition.",
              "isDeprecated": false,
              "name": "INPUT_OBJECT"
            },
            {
              "deprecationReason": null,
              "description": "Location adjacent to an input object field definition.",
              "isDeprecated": false,
              "name": "INPUT_FIELD_DEFINITION"
            }
          ],
          "fields": null,
          "inputFields": null,
          "interfaces": null,
          "kind": "ENUM",
          "name": "__DirectiveLocation",
          "possibleTypes": null
        }
      ]
    }
  }
}